customer_id,segment,state,credit_score,onboarding_date
CUST00001,Retail,Maharashtra,724.0,2024-12-17
CUST00002,SME,Delhi,667.0,2022-07-17
CUST00003,Microfinance,Karnataka,738.0,2026-02-26
CUST00004,Retail,Karnataka,817.0,2023-07-03
CUST00005,Microfinance,Maharashtra,658.0,2022-09-10
CUST00006,Microfinance,Uttar Pradesh,658.0,2023-01-12
CUST00007,Corporate,Maharashtra,822.0,2025-06-10
CUST00008,Agri,West Bengal,749.0,2025-02-16
CUST00009,Corporate,Karnataka,637.0,2025-10-16
CUST00010,Corporate,West Bengal,728.0,2026-02-03
CUST00011,Agri,Karnataka,638.0,2024-03-18
CUST00012,Retail,Gujarat,638.0,2022-11-13
CUST00013,Corporate,Tamil Nadu,701.0,2026-01-29
CUST00014,SME,Gujarat,507.0,2025-01-11
CUST00015,Retail,Uttar Pradesh,524.0,2022-10-09
CUST00016,Corporate,Delhi,629.0,2025-02-27
CUST00017,Corporate,Karnataka,588.0,2025-05-17
CUST00018,Microfinance,Tamil Nadu,708.0,2024-03-16
CUST00019,Corporate,Tamil Nadu,598.0,2026-01-08
CUST00020,SME,Maharashtra,552.0,2024-02-01
CUST00021,Corporate,Karnataka,811.0,2023-02-26
CUST00022,Corporate,Tamil Nadu,659.0,2024-02-12
CUST00023,Agri,Delhi,686.0,2024-12-13
CUST00024,Microfinance,Gujarat,551.0,2023-12-07
CUST00025,Microfinance,Uttar Pradesh,631.0,2025-07-23
CUST00026,Microfinance,Telangana,689.0,2026-01-26
CUST00027,Retail,Delhi,576.0,2022-07-09
CUST00028,Agri,Karnataka,713.0,2022-12-29
CUST00029,Agri,Gujarat,625.0,2026-04-09
CUST00030,Retail,Gujarat,653.0,2024-06-05
CUST00031,Retail,Gujarat,625.0,2023-10-16
CUST00032,Retail,Gujarat,846.0,2025-05-02
CUST00033,Microfinance,Karnataka,678.0,2024-08-29
CUST00034,Microfinance,Tamil Nadu,584.0,2025-06-06
CUST00035,Microfinance,Maharashtra,754.0,2023-08-06
CUST00036,Retail,Karnataka,570.0,2024-08-11
CUST00037,SME,Maharashtra,698.0,2023-02-26
CUST00038,Retail,Karnataka,503.0,2025-12-12
CUST00039,Microfinance,Delhi,560.0,2023-09-02
CUST00040,Microfinance,Delhi,697.0,2022-12-07
CUST00041,Agri,Tamil Nadu,746.0,2022-06-20
CUST00042,SME,Gujarat,695.0,2022-07-27
CUST00043,Corporate,Telangana,669.0,2023-10-21
CUST00044,Retail,Tamil Nadu,652.0,2024-06-09
CUST00045,Retail,Tamil Nadu,546.0,2026-04-18
CUST00046,Retail,Maharashtra,615.0,2026-02-27
CUST00047,Corporate,Karnataka,638.0,2024-10-09
CUST00048,Agri,Tamil Nadu,775.0,2023-02-18
CUST00049,Microfinance,Telangana,710.0,2023-09-07
CUST00050,Agri,Tamil Nadu,521.0,2022-08-22
CUST00051,Agri,West Bengal,709.0,2023-09-19
CUST00052,Retail,Karnataka,645.0,2024-06-07
CUST00053,Retail,Tamil Nadu,619.0,2023-04-30
CUST00054,Agri,Delhi,735.0,2024-10-09
CUST00055,Agri,Tamil Nadu,772.0,2025-11-29
CUST00056,Agri,Karnataka,763.0,2023-04-21
CUST00057,Retail,Karnataka,604.0,2025-01-03
CUST00058,SME,Uttar Pradesh,652.0,2025-02-19
CUST00059,Agri,Maharashtra,709.0,2026-04-28
CUST00060,Agri,Gujarat,767.0,2023-10-14
CUST00061,Corporate,Uttar Pradesh,636.0,2023-03-21
CUST00062,Agri,Delhi,663.0,2025-02-11
CUST00063,Retail,Maharashtra,580.0,2026-01-05
CUST00064,Retail,Telangana,572.0,2023-05-11
CUST00065,SME,Maharashtra,753.0,2025-11-19
CUST00066,SME,Karnataka,802.0,2022-07-20
CUST00067,SME,Uttar Pradesh,673.0,2023-02-21
CUST00068,SME,Maharashtra,770.0,2023-12-26
CUST00069,Microfinance,West Bengal,712.0,2025-03-10
CUST00070,Corporate,Tamil Nadu,621.0,2025-08-07
CUST00071,Corporate,Telangana,712.0,2025-12-05
CUST00072,Retail,Telangana,818.0,2023-03-06
CUST00073,Retail,Karnataka,676.0,2023-07-01
CUST00074,Corporate,Delhi,820.0,2025-12-13
CUST00075,SME,West Bengal,444.0,2023-11-17
CUST00076,Microfinance,Gujarat,753.0,2022-09-01
CUST00077,Microfinance,Maharashtra,687.0,2023-03-24
CUST00078,Corporate,Karnataka,653.0,2025-07-31
CUST00079,Corporate,Karnataka,688.0,2023-03-26
CUST00080,SME,Gujarat,501.0,2025-02-25
CUST00081,Corporate,Tamil Nadu,660.0,2024-11-08
CUST00082,Microfinance,Telangana,712.0,2026-01-18
CUST00083,Retail,Uttar Pradesh,813.0,2026-02-01
CUST00084,Retail,West Bengal,633.0,2022-10-06
CUST00085,Corporate,Delhi,607.0,2023-03-30
CUST00086,Agri,Maharashtra,634.0,2022-06-17
CUST00087,SME,Maharashtra,762.0,2023-01-26
CUST00088,Microfinance,Delhi,709.0,2026-02-06
CUST00089,Corporate,West Bengal,632.0,2026-02-10
CUST00090,Corporate,Tamil Nadu,726.0,2022-08-06
CUST00091,Retail,West Bengal,688.0,2024-01-21
CUST00092,Microfinance,Delhi,767.0,2025-01-03
CUST00093,SME,Delhi,616.0,2026-03-13
CUST00094,SME,West Bengal,650.0,2024-01-10
CUST00095,SME,Gujarat,644.0,2022-05-27
CUST00096,Retail,Uttar Pradesh,548.0,2023-09-12
CUST00097,SME,Tamil Nadu,706.0,2023-10-03
CUST00098,Corporate,Gujarat,703.0,2025-01-21
CUST00099,SME,Maharashtra,680.0,2024-02-06
CUST00100,Corporate,Gujarat,658.0,2024-10-08
CUST00101,Corporate,Uttar Pradesh,552.0,2023-04-30
CUST00102,Corporate,Maharashtra,642.0,2024-11-14
CUST00103,SME,Gujarat,649.0,2022-12-28
CUST00104,Agri,West Bengal,607.0,2024-07-29
CUST00105,Agri,Karnataka,665.0,2023-02-07
CUST00106,SME,Gujarat,716.0,2023-11-21
CUST00107,Retail,Tamil Nadu,849.0,2025-12-10
CUST00108,Corporate,West Bengal,695.0,2025-08-20
CUST00109,Corporate,Gujarat,703.0,2024-07-03
CUST00110,Agri,Gujarat,673.0,2025-04-05
CUST00111,Agri,Uttar Pradesh,507.0,2025-05-11
CUST00112,Microfinance,Gujarat,677.0,2026-05-02
CUST00113,Corporate,Gujarat,685.0,2023-01-31
CUST00114,Microfinance,West Bengal,900.0,2023-11-09
CUST00115,SME,Telangana,662.0,2025-05-20
CUST00116,Retail,Gujarat,707.0,2022-10-14
CUST00117,Microfinance,West Bengal,676.0,2025-01-06
CUST00118,Corporate,Tamil Nadu,574.0,2025-07-05
CUST00119,Retail,Maharashtra,782.0,2023-09-02
CUST00120,Microfinance,Karnataka,747.0,2022-10-21
CUST00121,Microfinance,Tamil Nadu,751.0,2024-03-07
CUST00122,Agri,Uttar Pradesh,598.0,2022-08-28
CUST00123,Retail,Karnataka,806.0,2025-02-08
CUST00124,SME,Telangana,553.0,2024-12-08
CUST00125,Retail,Telangana,732.0,2023-09-24
CUST00126,Microfinance,West Bengal,877.0,2023-11-08
CUST00127,Microfinance,Uttar Pradesh,590.0,2023-04-06
CUST00128,Agri,Delhi,629.0,2023-09-03
CUST00129,Agri,Gujarat,688.0,2022-10-05
CUST00130,Corporate,Telangana,634.0,2024-10-17
CUST00131,Agri,Karnataka,540.0,2025-01-07
CUST00132,Corporate,West Bengal,686.0,2023-04-22
CUST00133,Retail,Delhi,584.0,2024-03-09
CUST00134,SME,Tamil Nadu,722.0,2024-01-19
CUST00135,Corporate,Telangana,597.0,2025-03-05
CUST00136,Agri,Uttar Pradesh,819.0,2023-01-22
CUST00137,Retail,Uttar Pradesh,609.0,2024-05-12
CUST00138,Corporate,Uttar Pradesh,651.0,2023-12-26
CUST00139,Microfinance,Tamil Nadu,753.0,2024-10-21
CUST00140,Agri,Telangana,569.0,2024-06-13
CUST00141,Agri,Delhi,700.0,2025-08-14
CUST00142,Microfinance,Maharashtra,797.0,2023-01-06
CUST00143,Microfinance,Maharashtra,535.0,2023-12-07
CUST00144,SME,Telangana,696.0,2024-11-16
CUST00145,Agri,West Bengal,703.0,2024-07-02
CUST00146,Corporate,Uttar Pradesh,750.0,2023-12-21
CUST00147,Corporate,Karnataka,568.0,2023-04-24
CUST00148,Retail,West Bengal,561.0,2025-12-13
CUST00149,Retail,Maharashtra,726.0,2025-03-20
CUST00150,Retail,Delhi,706.0,2023-09-06
CUST00151,Retail,Tamil Nadu,702.0,2024-11-24
CUST00152,Corporate,Delhi,711.0,2025-09-10
CUST00153,SME,Gujarat,618.0,2026-03-11
CUST00154,Corporate,Uttar Pradesh,700.0,2025-03-22
CUST00155,Retail,Tamil Nadu,706.0,2024-08-23
CUST00156,Microfinance,Karnataka,615.0,2023-02-28
CUST00157,Retail,West Bengal,847.0,2022-08-17
CUST00158,Corporate,Karnataka,722.0,2024-06-03
CUST00159,Retail,Uttar Pradesh,572.0,2025-09-28
CUST00160,Agri,West Bengal,739.0,2023-10-04
CUST00161,SME,Uttar Pradesh,592.0,2023-05-30
CUST00162,Corporate,Telangana,750.0,2023-01-05
CUST00163,Corporate,West Bengal,784.0,2025-11-06
CUST00164,Corporate,Telangana,606.0,2023-09-24
CUST00165,Microfinance,Uttar Pradesh,766.0,2023-07-25
CUST00166,Corporate,Delhi,717.0,2024-05-06
CUST00167,Corporate,West Bengal,753.0,2022-12-29
CUST00168,Corporate,Maharashtra,850.0,2025-04-06
CUST00169,Retail,Tamil Nadu,657.0,2023-08-06
CUST00170,Microfinance,Tamil Nadu,612.0,2022-09-18
CUST00171,Agri,Telangana,599.0,2025-10-24
CUST00172,Corporate,Tamil Nadu,606.0,2024-12-20
CUST00173,Corporate,West Bengal,673.0,2023-05-11
CUST00174,Corporate,Uttar Pradesh,710.0,2023-04-01
CUST00175,Corporate,West Bengal,704.0,2024-10-25
CUST00176,Corporate,Gujarat,754.0,2025-04-03
CUST00177,Corporate,Karnataka,681.0,2022-06-19
CUST00178,SME,Tamil Nadu,810.0,2023-08-15
CUST00179,Corporate,Gujarat,656.0,2025-03-31
CUST00180,Corporate,Tamil Nadu,900.0,2024-08-21
CUST00181,Retail,Delhi,736.0,2026-01-11
CUST00182,Microfinance,Gujarat,602.0,2025-08-17
CUST00183,Agri,Karnataka,583.0,2023-02-12
CUST00184,Corporate,Telangana,723.0,2024-06-04
CUST00185,SME,Maharashtra,659.0,2023-08-28
CUST00186,Retail,Karnataka,744.0,2025-12-02
CUST00187,Microfinance,Maharashtra,722.0,2023-03-07
CUST00188,Corporate,Karnataka,673.0,2025-09-02
CUST00189,Microfinance,Uttar Pradesh,603.0,2022-11-13
CUST00190,SME,Uttar Pradesh,543.0,2023-11-08
CUST00191,Corporate,Uttar Pradesh,639.0,2022-11-08
CUST00192,Retail,Karnataka,757.0,2025-03-03
CUST00193,SME,Gujarat,699.0,2025-06-15
CUST00194,SME,Delhi,567.0,2025-06-16
CUST00195,Retail,Uttar Pradesh,695.0,2023-01-02
CUST00196,Agri,Gujarat,714.0,2024-09-19
CUST00197,Corporate,Telangana,600.0,2025-01-09
CUST00198,Corporate,Tamil Nadu,693.0,2023-04-13
CUST00199,SME,Delhi,685.0,2025-07-15
CUST00200,Retail,Maharashtra,577.0,2024-08-11
CUST00201,Microfinance,Gujarat,712.0,2023-09-16
CUST00202,Corporate,Uttar Pradesh,730.0,2023-07-13
CUST00203,Microfinance,Telangana,777.0,2022-12-25
CUST00204,Retail,Uttar Pradesh,774.0,2022-12-13
CUST00205,Corporate,Maharashtra,556.0,2022-07-22
CUST00206,Microfinance,Maharashtra,595.0,2022-07-26
CUST00207,Corporate,Maharashtra,726.0,2025-05-09
CUST00208,Agri,Telangana,726.0,2025-04-26
CUST00209,Microfinance,Uttar Pradesh,726.0,2023-07-30
CUST00210,Retail,Telangana,900.0,2024-06-19
CUST00211,Corporate,Karnataka,731.0,2024-06-26
CUST00212,Agri,Telangana,782.0,2024-02-02
CUST00213,Microfinance,Maharashtra,765.0,2024-07-27
CUST00214,Corporate,West Bengal,738.0,2024-01-26
CUST00215,Microfinance,Maharashtra,651.0,2023-04-17
CUST00216,Agri,Uttar Pradesh,748.0,2023-06-06
CUST00217,Corporate,Telangana,610.0,2026-01-17
CUST00218,SME,Gujarat,658.0,2024-09-20
CUST00219,Agri,Telangana,636.0,2022-10-20
CUST00220,Microfinance,Tamil Nadu,687.0,2024-08-04
CUST00221,Microfinance,Maharashtra,888.0,2025-10-24
CUST00222,SME,Karnataka,511.0,2025-09-04
CUST00223,SME,Telangana,741.0,2024-09-12
CUST00224,Microfinance,Gujarat,534.0,2023-08-18
CUST00225,Agri,Tamil Nadu,637.0,2025-07-10
CUST00226,Agri,Tamil Nadu,778.0,2023-06-27
CUST00227,SME,Karnataka,685.0,2024-01-04
CUST00228,Corporate,Gujarat,583.0,2024-09-30
CUST00229,Corporate,Telangana,615.0,2023-10-31
CUST00230,Microfinance,Telangana,741.0,2023-03-29
CUST00231,Microfinance,Uttar Pradesh,614.0,2024-07-12
CUST00232,SME,Tamil Nadu,699.0,2025-01-09
CUST00233,Agri,Maharashtra,684.0,2023-09-07
CUST00234,Agri,Uttar Pradesh,621.0,2022-09-05
CUST00235,SME,Telangana,872.0,2025-08-17
CUST00236,Microfinance,West Bengal,737.0,2023-11-13
CUST00237,Retail,Telangana,,2025-07-11
CUST00238,Agri,Delhi,696.0,2024-11-06
CUST00239,Corporate,Uttar Pradesh,620.0,2024-06-29
CUST00240,Microfinance,Uttar Pradesh,756.0,2022-10-27
CUST00241,Agri,Maharashtra,608.0,2025-01-07
CUST00242,Corporate,Tamil Nadu,669.0,2023-11-26
CUST00243,Retail,Karnataka,725.0,2022-06-11
CUST00244,Corporate,Maharashtra,757.0,2026-01-08
CUST00245,Corporate,West Bengal,571.0,2025-07-08
CUST00246,SME,Uttar Pradesh,649.0,2025-04-29
CUST00247,SME,Delhi,637.0,2024-03-10
CUST00248,Microfinance,Tamil Nadu,621.0,2023-01-24
CUST00249,SME,Tamil Nadu,838.0,2024-11-28
CUST00250,Agri,Gujarat,716.0,2023-09-23
CUST00251,Corporate,Delhi,566.0,2024-05-25
CUST00252,Microfinance,Gujarat,762.0,2023-12-16
CUST00253,Corporate,Telangana,870.0,2025-03-21
CUST00254,Agri,Telangana,772.0,2024-03-12
CUST00255,Microfinance,West Bengal,543.0,2022-05-31
CUST00256,Corporate,Maharashtra,636.0,2022-08-23
CUST00257,Agri,Gujarat,,2022-06-28
CUST00258,Retail,Telangana,616.0,2024-09-23
CUST00259,SME,West Bengal,719.0,2025-04-08
CUST00260,Microfinance,Gujarat,749.0,2022-08-21
CUST00261,SME,Karnataka,596.0,2022-09-17
CUST00262,Retail,Gujarat,674.0,2026-02-23
CUST00263,Microfinance,West Bengal,388.0,2025-10-30
CUST00264,Corporate,West Bengal,587.0,2025-05-08
CUST00265,SME,Delhi,657.0,2024-04-13
CUST00266,Microfinance,Gujarat,567.0,2024-11-22
CUST00267,Agri,Gujarat,826.0,2024-06-08
CUST00268,Retail,Telangana,551.0,2025-07-18
CUST00269,SME,Uttar Pradesh,640.0,2023-03-18
CUST00270,Corporate,Karnataka,691.0,2026-04-04
CUST00271,Corporate,Karnataka,809.0,2022-07-25
CUST00272,Corporate,Uttar Pradesh,550.0,2024-04-02
CUST00273,Retail,Tamil Nadu,784.0,2022-11-11
CUST00274,Microfinance,West Bengal,680.0,2025-02-03
CUST00275,Retail,Telangana,591.0,2024-08-22
CUST00276,Agri,Karnataka,721.0,2026-02-15
CUST00277,Corporate,Telangana,697.0,2025-01-07
CUST00278,Microfinance,Delhi,625.0,2024-04-03
CUST00279,Microfinance,Uttar Pradesh,686.0,2025-06-20
CUST00280,Agri,Karnataka,645.0,2022-11-19
CUST00281,Agri,Gujarat,690.0,2024-04-04
CUST00282,SME,Telangana,739.0,2025-01-04
CUST00283,Corporate,Karnataka,822.0,2024-04-10
CUST00284,Microfinance,West Bengal,568.0,2024-10-14
CUST00285,SME,Karnataka,871.0,2023-10-14
CUST00286,Retail,Tamil Nadu,504.0,2022-12-27
CUST00287,Retail,Maharashtra,666.0,2024-12-20
CUST00288,SME,Tamil Nadu,732.0,2023-03-24
CUST00289,SME,Tamil Nadu,705.0,2025-01-10
CUST00290,Corporate,Delhi,623.0,2022-12-29
CUST00291,Retail,Gujarat,661.0,2025-07-10
CUST00292,SME,Gujarat,635.0,2025-09-19
CUST00293,Retail,Delhi,,2024-12-31
CUST00294,Microfinance,West Bengal,,2024-11-05
CUST00295,Retail,Delhi,712.0,2023-05-21
CUST00296,Retail,Karnataka,617.0,2024-04-21
CUST00297,Microfinance,Karnataka,760.0,2025-02-03
CUST00298,Microfinance,Maharashtra,707.0,2022-08-22
CUST00299,Microfinance,Gujarat,753.0,2026-02-28
CUST00300,Retail,Telangana,736.0,2023-12-11
CUST00301,Retail,Telangana,605.0,2023-11-06
CUST00302,Retail,Karnataka,629.0,2025-07-03
CUST00303,Retail,Delhi,747.0,2022-10-14
CUST00304,Microfinance,West Bengal,734.0,2022-12-26
CUST00305,Microfinance,Gujarat,678.0,2022-12-10
CUST00306,Agri,Karnataka,690.0,2025-09-10
CUST00307,Microfinance,Tamil Nadu,794.0,2025-01-20
CUST00308,Agri,West Bengal,626.0,2024-02-06
CUST00309,Agri,Karnataka,729.0,2024-07-31
CUST00310,Corporate,West Bengal,661.0,2022-06-26
CUST00311,Agri,Karnataka,660.0,2025-11-09
CUST00312,Retail,Uttar Pradesh,778.0,2024-03-30
CUST00313,SME,Maharashtra,754.0,2023-03-09
CUST00314,Microfinance,West Bengal,753.0,2024-01-12
CUST00315,Corporate,Uttar Pradesh,797.0,2026-01-17
CUST00316,Corporate,Gujarat,681.0,2023-02-04
CUST00317,Microfinance,Tamil Nadu,741.0,2023-08-19
CUST00318,SME,Karnataka,652.0,2023-03-20
CUST00319,Corporate,Karnataka,709.0,2023-02-12
CUST00320,SME,Uttar Pradesh,668.0,2022-11-06
CUST00321,Microfinance,Maharashtra,688.0,2022-08-24
CUST00322,Corporate,Maharashtra,733.0,2022-05-24
CUST00323,Corporate,West Bengal,606.0,2025-04-26
CUST00324,SME,Uttar Pradesh,868.0,2022-10-14
CUST00325,Retail,Karnataka,589.0,2025-02-16
CUST00326,Agri,Uttar Pradesh,570.0,2025-06-14
CUST00327,Corporate,Gujarat,784.0,2023-02-25
CUST00328,Microfinance,Karnataka,751.0,2025-06-18
CUST00329,SME,Maharashtra,736.0,2024-10-22
CUST00330,Agri,Uttar Pradesh,736.0,2023-11-09
CUST00331,Agri,Gujarat,678.0,2023-06-18
CUST00332,Retail,West Bengal,599.0,2024-09-29
CUST00333,Microfinance,Telangana,686.0,2024-08-09
CUST00334,Retail,Tamil Nadu,619.0,2022-12-22
CUST00335,Retail,Maharashtra,767.0,2025-02-24
CUST00336,SME,Gujarat,666.0,2025-08-30
CUST00337,Retail,Telangana,605.0,2025-05-08
CUST00338,SME,Uttar Pradesh,651.0,2025-01-16
CUST00339,Microfinance,West Bengal,717.0,2026-02-05
CUST00340,Agri,Maharashtra,629.0,2025-11-24
CUST00341,Corporate,Uttar Pradesh,606.0,2022-09-29
CUST00342,Agri,Gujarat,701.0,2026-03-21
CUST00343,Corporate,Delhi,702.0,2022-11-14
CUST00344,Agri,West Bengal,634.0,2025-09-28
CUST00345,SME,Uttar Pradesh,637.0,2023-05-25
CUST00346,Retail,Uttar Pradesh,700.0,2024-06-06
CUST00347,SME,West Bengal,549.0,2025-11-27
CUST00348,Microfinance,Karnataka,553.0,2025-03-31
CUST00349,Corporate,West Bengal,615.0,2022-09-19
CUST00350,SME,Tamil Nadu,660.0,2024-11-24
CUST00351,SME,Delhi,707.0,2022-08-29
CUST00352,Retail,Delhi,812.0,2022-10-24
CUST00353,Agri,Telangana,757.0,2023-02-01
CUST00354,Agri,West Bengal,665.0,2022-10-26
CUST00355,Corporate,Delhi,678.0,2023-09-15
CUST00356,Agri,Gujarat,589.0,2023-01-07
CUST00357,Retail,West Bengal,678.0,2024-08-05
CUST00358,Agri,Telangana,654.0,2024-04-07
CUST00359,Corporate,Karnataka,709.0,2025-10-30
CUST00360,Microfinance,Uttar Pradesh,605.0,2023-03-24
CUST00361,Retail,Telangana,726.0,2023-02-17
CUST00362,SME,West Bengal,817.0,2023-07-11
CUST00363,SME,Maharashtra,670.0,2024-05-29
CUST00364,Retail,Delhi,716.0,2023-11-18
CUST00365,Agri,Delhi,742.0,2024-09-30
CUST00366,Agri,Uttar Pradesh,643.0,2022-07-12
CUST00367,Microfinance,Maharashtra,700.0,2022-09-15
CUST00368,Corporate,Karnataka,681.0,2023-03-17
CUST00369,Agri,Gujarat,688.0,2022-08-27
CUST00370,Microfinance,Delhi,610.0,2023-01-25
CUST00371,SME,West Bengal,682.0,2022-08-28
CUST00372,Agri,Delhi,724.0,2025-11-10
CUST00373,Corporate,Uttar Pradesh,810.0,2024-06-29
CUST00374,SME,Karnataka,766.0,2023-12-17
CUST00375,Microfinance,West Bengal,,2024-08-08
CUST00376,SME,Tamil Nadu,610.0,2023-08-11
CUST00377,SME,Tamil Nadu,758.0,2025-06-19
CUST00378,Retail,Gujarat,696.0,2025-10-07
CUST00379,Microfinance,Maharashtra,877.0,2022-11-14
CUST00380,SME,Uttar Pradesh,607.0,2025-04-27
CUST00381,Microfinance,Delhi,604.0,2026-02-02
CUST00382,Agri,West Bengal,626.0,2025-01-01
CUST00383,Agri,Gujarat,488.0,2023-10-26
CUST00384,SME,Tamil Nadu,632.0,2023-09-15
CUST00385,SME,West Bengal,611.0,2023-02-19
CUST00386,Agri,Telangana,693.0,2024-03-11
CUST00387,Microfinance,Uttar Pradesh,710.0,2025-03-20
CUST00388,Microfinance,Delhi,848.0,2026-01-16
CUST00389,Agri,West Bengal,765.0,2025-10-04
CUST00390,Microfinance,Karnataka,628.0,2025-06-08
CUST00391,Corporate,Telangana,599.0,2025-07-05
CUST00392,Agri,Karnataka,724.0,2025-02-02
CUST00393,Agri,West Bengal,561.0,2024-01-04
CUST00394,Retail,Uttar Pradesh,844.0,2025-01-05
CUST00395,Agri,Karnataka,786.0,2026-03-06
CUST00396,Corporate,Karnataka,637.0,2022-09-09
CUST00397,Corporate,Delhi,525.0,2024-09-22
CUST00398,Agri,Delhi,801.0,2023-09-15
CUST00399,Agri,Maharashtra,669.0,2026-03-25
CUST00400,Corporate,Tamil Nadu,791.0,2023-04-05
CUST00401,Microfinance,Uttar Pradesh,536.0,2024-09-19
CUST00402,SME,Gujarat,626.0,2024-12-30
CUST00403,Agri,Telangana,680.0,2023-07-14
CUST00404,Microfinance,Maharashtra,684.0,2023-02-10
CUST00405,SME,Delhi,639.0,2026-04-29
CUST00406,Microfinance,West Bengal,736.0,2023-12-31
CUST00407,SME,Karnataka,583.0,2024-04-24
CUST00408,Retail,Maharashtra,667.0,2023-09-13
CUST00409,Retail,Uttar Pradesh,690.0,2024-11-29
CUST00410,Retail,West Bengal,726.0,2024-05-26
CUST00411,SME,Karnataka,744.0,2024-06-21
CUST00412,SME,Maharashtra,578.0,2024-06-08
CUST00413,SME,Telangana,541.0,2023-08-26
CUST00414,SME,Delhi,794.0,2023-10-08
CUST00415,Retail,Gujarat,709.0,2025-03-20
CUST00416,Retail,West Bengal,612.0,2023-06-12
CUST00417,Agri,Telangana,819.0,2022-09-16
CUST00418,SME,Gujarat,690.0,2026-01-25
CUST00419,Corporate,Gujarat,786.0,2024-04-09
CUST00420,Agri,Uttar Pradesh,686.0,2024-03-02
CUST00421,Corporate,Delhi,865.0,2023-07-19
CUST00422,Corporate,Gujarat,837.0,2023-12-15
CUST00423,Retail,Uttar Pradesh,657.0,2025-04-28
CUST00424,Microfinance,Gujarat,767.0,2025-11-20
CUST00425,Corporate,Gujarat,738.0,2022-12-15
CUST00426,Agri,Delhi,803.0,2024-05-13
CUST00427,Agri,Maharashtra,593.0,2024-05-10
CUST00428,Microfinance,Uttar Pradesh,741.0,2026-01-05
CUST00429,Retail,Uttar Pradesh,775.0,2022-07-11
CUST00430,SME,Maharashtra,521.0,2022-12-05
CUST00431,Agri,Maharashtra,573.0,2025-01-04
CUST00432,Corporate,West Bengal,496.0,2023-02-26
CUST00433,Retail,Delhi,655.0,2024-04-03
CUST00434,Corporate,Telangana,744.0,2023-02-12
CUST00435,SME,West Bengal,815.0,2022-09-10
CUST00436,Corporate,Tamil Nadu,686.0,2026-03-10
CUST00437,SME,Telangana,826.0,2023-03-09
CUST00438,Retail,Gujarat,555.0,2023-11-01
CUST00439,SME,Gujarat,526.0,2023-08-01
CUST00440,SME,Karnataka,675.0,2025-12-02
CUST00441,Agri,Delhi,714.0,2023-11-03
CUST00442,Retail,West Bengal,677.0,2025-12-21
CUST00443,Microfinance,Gujarat,493.0,2025-06-14
CUST00444,SME,West Bengal,671.0,2025-08-27
CUST00445,SME,Delhi,562.0,2023-07-26
CUST00446,Retail,West Bengal,740.0,2024-04-07
CUST00447,Agri,Delhi,712.0,2025-11-07
CUST00448,Retail,Gujarat,595.0,2023-08-26
CUST00449,Microfinance,Uttar Pradesh,633.0,2023-02-10
CUST00450,Retail,Delhi,584.0,2022-09-25
CUST00451,Retail,Telangana,674.0,2023-06-08
CUST00452,Corporate,Delhi,765.0,2023-03-30
CUST00453,Microfinance,Delhi,591.0,2025-08-11
CUST00454,Agri,Maharashtra,725.0,2023-06-06
CUST00455,SME,Gujarat,632.0,2024-07-11
CUST00456,SME,West Bengal,608.0,2023-06-05
CUST00457,Corporate,Karnataka,670.0,2022-10-10
CUST00458,Microfinance,Gujarat,586.0,2024-08-20
CUST00459,Microfinance,Karnataka,630.0,2025-05-22
CUST00460,Microfinance,Delhi,572.0,2022-11-01
CUST00461,Microfinance,West Bengal,856.0,2023-03-05
CUST00462,Retail,Maharashtra,683.0,2022-09-27
CUST00463,Microfinance,Gujarat,617.0,2023-02-16
CUST00464,Agri,Maharashtra,699.0,2022-10-26
CUST00465,Microfinance,Gujarat,669.0,2024-08-22
CUST00466,Agri,Tamil Nadu,660.0,2022-06-30
CUST00467,Agri,Gujarat,735.0,2022-06-22
CUST00468,Retail,Delhi,748.0,2023-08-15
CUST00469,Agri,Tamil Nadu,632.0,2025-07-12
CUST00470,Corporate,West Bengal,628.0,2024-05-25
CUST00471,Agri,Delhi,655.0,2023-06-13
CUST00472,Microfinance,Karnataka,472.0,2023-09-20
CUST00473,Retail,Gujarat,543.0,2025-07-18
CUST00474,Retail,Maharashtra,803.0,2024-03-07
CUST00475,Microfinance,Uttar Pradesh,828.0,2025-06-09
CUST00476,Corporate,West Bengal,657.0,2025-06-10
CUST00477,Agri,Telangana,731.0,2024-08-09
CUST00478,Agri,Maharashtra,708.0,2024-02-17
CUST00479,Microfinance,Telangana,900.0,2025-02-16
CUST00480,Microfinance,West Bengal,780.0,2024-10-03
CUST00481,Agri,Telangana,668.0,2026-04-16
CUST00482,Retail,Uttar Pradesh,594.0,2024-11-07
CUST00483,Corporate,Uttar Pradesh,535.0,2024-02-02
CUST00484,Retail,Tamil Nadu,698.0,2024-09-18
CUST00485,Retail,Uttar Pradesh,611.0,2023-04-02
CUST00486,Corporate,Karnataka,551.0,2025-10-16
CUST00487,Agri,West Bengal,621.0,2024-06-07
CUST00488,Microfinance,West Bengal,582.0,2025-03-21
CUST00489,Microfinance,Uttar Pradesh,831.0,2026-01-30
CUST00490,Retail,Delhi,759.0,2023-09-05
CUST00491,Microfinance,Telangana,679.0,2023-06-12
CUST00492,SME,West Bengal,813.0,2024-07-19
CUST00493,SME,Uttar Pradesh,686.0,2024-08-28
CUST00494,Microfinance,West Bengal,602.0,2023-06-24
CUST00495,Microfinance,Telangana,817.0,2024-08-27
CUST00496,Agri,Maharashtra,728.0,2022-07-23
CUST00497,Retail,Uttar Pradesh,586.0,2022-06-23
CUST00498,Retail,Telangana,662.0,2022-08-29
CUST00499,Microfinance,Tamil Nadu,601.0,2023-01-23
CUST00500,Agri,Delhi,555.0,2022-11-10
CUST00501,Agri,Delhi,763.0,2024-12-22
CUST00502,Retail,Karnataka,851.0,2023-11-11
CUST00503,Corporate,Uttar Pradesh,554.0,2022-06-18
CUST00504,SME,Uttar Pradesh,730.0,2022-11-27
CUST00505,Agri,Maharashtra,621.0,2023-06-05
CUST00506,SME,West Bengal,636.0,2023-08-27
CUST00507,Microfinance,Uttar Pradesh,626.0,2025-05-13
CUST00508,Agri,West Bengal,602.0,2022-07-18
CUST00509,Corporate,Telangana,684.0,2024-12-14
CUST00510,Corporate,Gujarat,605.0,2024-08-31
CUST00511,Corporate,Tamil Nadu,704.0,2023-08-05
CUST00512,Corporate,Telangana,675.0,2024-10-19
CUST00513,Corporate,Karnataka,658.0,2023-04-16
CUST00514,Agri,Uttar Pradesh,598.0,2025-07-07
CUST00515,Corporate,Maharashtra,628.0,2025-11-22
CUST00516,Corporate,Telangana,747.0,2023-08-25
CUST00517,SME,Tamil Nadu,725.0,2024-10-24
CUST00518,Microfinance,Gujarat,592.0,2022-11-19
CUST00519,Microfinance,Tamil Nadu,688.0,2022-07-31
CUST00520,Microfinance,Tamil Nadu,747.0,2026-01-15
CUST00521,Retail,Uttar Pradesh,529.0,2023-09-08
CUST00522,Retail,Delhi,,2023-04-01
CUST00523,SME,Uttar Pradesh,620.0,2023-09-01
CUST00524,Agri,Tamil Nadu,731.0,2024-09-21
CUST00525,Corporate,Gujarat,611.0,2025-10-31
CUST00526,Microfinance,Tamil Nadu,517.0,2026-02-15
CUST00527,SME,Uttar Pradesh,533.0,2025-05-07
CUST00528,Retail,Uttar Pradesh,684.0,2025-04-16
CUST00529,Corporate,Maharashtra,,2023-02-24
CUST00530,Microfinance,Karnataka,598.0,2024-06-15
CUST00531,Corporate,Telangana,737.0,2023-04-16
CUST00532,Microfinance,Telangana,530.0,2025-08-01
CUST00533,Microfinance,Telangana,674.0,2025-09-14
CUST00534,Corporate,Delhi,571.0,2022-09-13
CUST00535,Corporate,Delhi,,2024-06-11
CUST00536,Corporate,Tamil Nadu,684.0,2022-10-02
CUST00537,Agri,Uttar Pradesh,602.0,2025-11-06
CUST00538,Agri,Karnataka,645.0,2025-07-19
CUST00539,Agri,West Bengal,770.0,2026-04-19
CUST00540,Corporate,Uttar Pradesh,628.0,2024-11-02
CUST00541,Corporate,Gujarat,755.0,2023-02-14
CUST00542,Retail,Gujarat,578.0,2022-06-14
CUST00543,SME,Maharashtra,727.0,2023-09-22
CUST00544,Corporate,Delhi,809.0,2023-07-08
CUST00545,Corporate,Karnataka,457.0,2024-09-05
CUST00546,Corporate,Tamil Nadu,608.0,2025-08-02
CUST00547,Agri,Delhi,731.0,2022-12-09
CUST00548,Corporate,Uttar Pradesh,661.0,2023-09-11
CUST00549,Microfinance,Tamil Nadu,713.0,2022-07-09
CUST00550,Microfinance,Karnataka,625.0,2023-05-17
CUST00551,Corporate,Karnataka,687.0,2025-09-15
CUST00552,Retail,Tamil Nadu,665.0,2025-06-30
CUST00553,SME,West Bengal,785.0,2023-11-10
CUST00554,Retail,Tamil Nadu,702.0,2023-08-05
CUST00555,Retail,Telangana,710.0,2023-10-17
CUST00556,SME,Uttar Pradesh,642.0,2026-01-04
CUST00557,Microfinance,Telangana,636.0,2024-08-09
CUST00558,Retail,Uttar Pradesh,641.0,2026-04-26
CUST00559,SME,Karnataka,715.0,2024-05-27
CUST00560,Retail,Maharashtra,642.0,2025-12-12
CUST00561,Agri,Maharashtra,706.0,2025-04-29
CUST00562,SME,Uttar Pradesh,866.0,2024-03-10
CUST00563,Agri,Uttar Pradesh,758.0,2022-07-04
CUST00564,Microfinance,Delhi,650.0,2024-05-20
CUST00565,Retail,Delhi,788.0,2024-02-18
CUST00566,Microfinance,Delhi,643.0,2025-01-31
CUST00567,Retail,Maharashtra,496.0,2023-09-27
CUST00568,Microfinance,Uttar Pradesh,589.0,2025-01-17
CUST00569,SME,Telangana,511.0,2024-10-15
CUST00570,SME,Karnataka,648.0,2022-08-19
CUST00571,Agri,Maharashtra,681.0,2025-12-16
CUST00572,Retail,Maharashtra,830.0,2022-07-26
CUST00573,Retail,Tamil Nadu,709.0,2024-01-30
CUST00574,Agri,Tamil Nadu,660.0,2026-01-07
CUST00575,SME,Gujarat,754.0,2023-02-08
CUST00576,Corporate,West Bengal,480.0,2025-07-13
CUST00577,Microfinance,Tamil Nadu,701.0,2024-10-16
CUST00578,Retail,Delhi,749.0,2023-12-10
CUST00579,Microfinance,Telangana,546.0,2024-05-27
CUST00580,Agri,West Bengal,782.0,2024-01-17
CUST00581,SME,Gujarat,710.0,2023-04-27
CUST00582,Agri,Tamil Nadu,642.0,2024-08-25
CUST00583,SME,Telangana,736.0,2023-03-08
CUST00584,Agri,Uttar Pradesh,884.0,2025-08-01
CUST00585,Agri,Tamil Nadu,696.0,2024-06-25
CUST00586,Retail,Telangana,702.0,2025-10-25
CUST00587,Microfinance,Tamil Nadu,638.0,2024-03-21
CUST00588,Microfinance,Maharashtra,603.0,2025-04-12
CUST00589,Microfinance,Tamil Nadu,754.0,2024-06-20
CUST00590,Corporate,Maharashtra,602.0,2025-04-08
CUST00591,Retail,Telangana,686.0,2022-06-08
CUST00592,Microfinance,Tamil Nadu,637.0,2024-12-28
CUST00593,Microfinance,West Bengal,723.0,2024-03-14
CUST00594,Agri,West Bengal,710.0,2024-04-26
CUST00595,Microfinance,Telangana,773.0,2023-09-14
CUST00596,Corporate,Tamil Nadu,634.0,2024-01-06
CUST00597,Retail,Tamil Nadu,655.0,2026-03-30
CUST00598,Corporate,Uttar Pradesh,591.0,2025-03-27
CUST00599,Corporate,Tamil Nadu,640.0,2024-12-15
CUST00600,Agri,West Bengal,713.0,2023-08-06
CUST00601,Agri,Telangana,748.0,2024-05-11
CUST00602,SME,Delhi,597.0,2023-08-06
CUST00603,SME,Maharashtra,758.0,2025-12-01
CUST00604,Retail,Maharashtra,802.0,2022-10-19
CUST00605,SME,Karnataka,717.0,2026-04-14
CUST00606,SME,Telangana,848.0,2022-11-14
CUST00607,Microfinance,Telangana,610.0,2026-03-31
CUST00608,Retail,Uttar Pradesh,,2023-05-14
CUST00609,Corporate,Gujarat,,2022-06-03
CUST00610,Agri,Delhi,814.0,2025-10-17
CUST00611,Microfinance,Delhi,738.0,2022-11-10
CUST00612,Microfinance,Gujarat,674.0,2024-11-01
CUST00613,Agri,Karnataka,705.0,2024-01-22
CUST00614,Agri,Tamil Nadu,578.0,2025-01-25
CUST00615,Corporate,Karnataka,900.0,2022-09-10
CUST00616,Retail,Karnataka,691.0,2024-03-21
CUST00617,Microfinance,Telangana,689.0,2026-04-13
CUST00618,SME,Karnataka,745.0,2023-11-26
CUST00619,Corporate,Karnataka,723.0,2026-02-04
CUST00620,SME,Tamil Nadu,700.0,2022-06-15
CUST00621,Microfinance,Telangana,608.0,2025-12-01
CUST00622,Corporate,Maharashtra,722.0,2024-07-27
CUST00623,Retail,Tamil Nadu,849.0,2024-02-07
CUST00624,Retail,Gujarat,801.0,2024-12-26
CUST00625,Microfinance,Uttar Pradesh,823.0,2023-04-21
CUST00626,Corporate,Uttar Pradesh,633.0,2025-07-20
CUST00627,Retail,West Bengal,590.0,2023-11-19
CUST00628,SME,Karnataka,668.0,2022-11-22
CUST00629,Microfinance,Uttar Pradesh,685.0,2024-07-03
CUST00630,Retail,Gujarat,778.0,2023-10-23
CUST00631,Agri,Tamil Nadu,527.0,2024-03-25
CUST00632,Agri,Delhi,817.0,2022-08-18
CUST00633,Agri,Karnataka,665.0,2024-09-05
CUST00634,SME,Karnataka,641.0,2025-06-21
CUST00635,Agri,Delhi,588.0,2024-07-23
CUST00636,Corporate,Karnataka,531.0,2024-08-09
CUST00637,Agri,West Bengal,754.0,2025-10-05
CUST00638,SME,Karnataka,686.0,2023-10-26
CUST00639,Microfinance,Uttar Pradesh,563.0,2025-10-31
CUST00640,Corporate,Karnataka,563.0,2024-07-07
CUST00641,Agri,Maharashtra,649.0,2024-02-28
CUST00642,Retail,Tamil Nadu,830.0,2025-05-20
CUST00643,Agri,Delhi,656.0,2024-08-24
CUST00644,Corporate,Telangana,544.0,2025-05-25
CUST00645,Agri,Gujarat,657.0,2023-08-15
CUST00646,Retail,West Bengal,655.0,2024-12-13
CUST00647,Agri,Tamil Nadu,437.0,2025-07-29
CUST00648,Corporate,Maharashtra,675.0,2024-06-21
CUST00649,Microfinance,Uttar Pradesh,659.0,2024-06-27
CUST00650,Agri,West Bengal,742.0,2022-09-07
CUST00651,Microfinance,Delhi,846.0,2022-12-14
CUST00652,SME,Telangana,781.0,2024-02-07
CUST00653,Corporate,Gujarat,655.0,2022-10-14
CUST00654,Agri,Tamil Nadu,580.0,2024-10-05
CUST00655,Agri,West Bengal,900.0,2023-03-05
CUST00656,SME,Delhi,685.0,2023-04-02
CUST00657,Retail,Telangana,681.0,2025-02-27
CUST00658,Agri,Gujarat,677.0,2025-12-12
CUST00659,Agri,Telangana,697.0,2024-08-20
CUST00660,SME,Gujarat,667.0,2023-12-18
CUST00661,Agri,Karnataka,628.0,2022-12-25
CUST00662,Agri,Uttar Pradesh,630.0,2022-06-16
CUST00663,Agri,Maharashtra,677.0,2024-04-26
CUST00664,Microfinance,Karnataka,631.0,2024-12-10
CUST00665,Corporate,Delhi,615.0,2026-02-01
CUST00666,Microfinance,Uttar Pradesh,689.0,2024-06-22
CUST00667,Agri,Karnataka,,2024-11-19
CUST00668,SME,Tamil Nadu,815.0,2024-02-21
CUST00669,Agri,Delhi,441.0,2026-03-13
CUST00670,Agri,Karnataka,778.0,2025-11-08
CUST00671,Retail,Delhi,792.0,2024-05-30
CUST00672,Agri,Tamil Nadu,493.0,2024-05-19
CUST00673,Agri,Karnataka,649.0,2022-06-06
CUST00674,Agri,West Bengal,646.0,2026-01-31
CUST00675,Retail,Maharashtra,553.0,2022-09-13
CUST00676,Retail,Delhi,609.0,2024-12-19
CUST00677,Microfinance,Delhi,580.0,2024-06-24
CUST00678,Microfinance,Uttar Pradesh,837.0,2025-01-13
CUST00679,Agri,Delhi,764.0,2022-08-25
CUST00680,Agri,Uttar Pradesh,794.0,2022-11-22
CUST00681,SME,Telangana,744.0,2024-02-26
CUST00682,Retail,Tamil Nadu,578.0,2025-12-25
CUST00683,Microfinance,Karnataka,632.0,2023-04-29
CUST00684,SME,West Bengal,724.0,2023-10-08
CUST00685,Retail,Gujarat,570.0,2023-08-04
CUST00686,Microfinance,West Bengal,744.0,2022-11-28
CUST00687,Agri,Karnataka,658.0,2023-10-08
CUST00688,Microfinance,Delhi,646.0,2024-08-31
CUST00689,Microfinance,Karnataka,743.0,2024-07-30
CUST00690,Retail,Tamil Nadu,719.0,2025-04-23
CUST00691,Corporate,Delhi,647.0,2023-12-28
CUST00692,Microfinance,Delhi,784.0,2023-12-18
CUST00693,SME,Telangana,582.0,2022-06-12
CUST00694,SME,Delhi,735.0,2025-07-19
CUST00695,SME,West Bengal,733.0,2022-11-11
CUST00696,Retail,West Bengal,652.0,2023-08-14
CUST00697,SME,Tamil Nadu,709.0,2023-03-09
CUST00698,Microfinance,Telangana,567.0,2023-07-30
CUST00699,Agri,Telangana,763.0,2025-11-14
CUST00700,Microfinance,Maharashtra,663.0,2025-02-05
CUST00701,Corporate,Maharashtra,632.0,2023-04-27
CUST00702,Corporate,Delhi,774.0,2023-03-01
CUST00703,Agri,Karnataka,616.0,2024-10-31
CUST00704,Microfinance,West Bengal,553.0,2026-02-06
CUST00705,Agri,Tamil Nadu,539.0,2025-10-05
CUST00706,SME,Gujarat,734.0,2026-02-25
CUST00707,Agri,Gujarat,564.0,2025-11-05
CUST00708,Agri,Karnataka,837.0,2025-01-02
CUST00709,SME,West Bengal,492.0,2022-11-30
CUST00710,Agri,Delhi,832.0,2025-03-05
CUST00711,SME,Maharashtra,698.0,2023-05-08
CUST00712,Corporate,Delhi,671.0,2024-09-10
CUST00713,Corporate,Gujarat,630.0,2023-06-14
CUST00714,Retail,Delhi,715.0,2024-01-11
CUST00715,Retail,Gujarat,676.0,2025-08-16
CUST00716,SME,Tamil Nadu,779.0,2024-07-12
CUST00717,SME,Uttar Pradesh,690.0,2023-02-05
CUST00718,Corporate,Uttar Pradesh,693.0,2025-11-29
CUST00719,Retail,Uttar Pradesh,647.0,2024-10-10
CUST00720,Corporate,Telangana,674.0,2024-07-01
CUST00721,Microfinance,Maharashtra,707.0,2025-10-24
CUST00722,Agri,West Bengal,526.0,2023-05-04
CUST00723,Agri,Tamil Nadu,558.0,2025-02-23
CUST00724,Agri,Gujarat,746.0,2024-09-29
CUST00725,Corporate,Delhi,695.0,2023-08-13
CUST00726,Corporate,Maharashtra,663.0,2022-10-28
CUST00727,Agri,Maharashtra,681.0,2025-06-13
CUST00728,Agri,Telangana,,2023-12-08
CUST00729,SME,Delhi,631.0,2024-08-22
CUST00730,SME,Gujarat,609.0,2024-04-24
CUST00731,Corporate,Karnataka,697.0,2022-09-12
CUST00732,SME,Maharashtra,591.0,2024-08-15
CUST00733,SME,Uttar Pradesh,716.0,2025-10-20
CUST00734,Retail,Tamil Nadu,526.0,2025-08-04
CUST00735,Microfinance,Tamil Nadu,772.0,2023-11-03
CUST00736,Retail,Maharashtra,722.0,2025-08-29
CUST00737,Agri,Delhi,703.0,2025-01-19
CUST00738,Agri,Karnataka,768.0,2025-10-05
CUST00739,Retail,West Bengal,829.0,2024-08-28
CUST00740,SME,Uttar Pradesh,771.0,2025-08-03
CUST00741,SME,Karnataka,514.0,2026-04-15
CUST00742,Microfinance,Delhi,564.0,2025-02-20
CUST00743,SME,Uttar Pradesh,623.0,2023-11-08
CUST00744,SME,Karnataka,682.0,2025-07-20
CUST00745,Retail,Uttar Pradesh,726.0,2023-12-05
CUST00746,Corporate,Delhi,614.0,2022-09-20
CUST00747,Retail,Tamil Nadu,696.0,2022-12-21
CUST00748,Microfinance,Gujarat,612.0,2022-06-18
CUST00749,Retail,Gujarat,624.0,2022-12-07
CUST00750,Microfinance,Tamil Nadu,553.0,2024-09-04
CUST00751,Retail,Tamil Nadu,596.0,2025-09-14
CUST00752,SME,Telangana,558.0,2025-12-08
CUST00753,Microfinance,Maharashtra,592.0,2024-07-23
CUST00754,SME,Uttar Pradesh,774.0,2023-02-23
CUST00755,Agri,West Bengal,594.0,2025-05-14
CUST00756,Agri,Karnataka,,2025-12-15
CUST00757,Retail,Gujarat,724.0,2025-12-30
CUST00758,Agri,Gujarat,696.0,2023-07-11
CUST00759,Agri,Uttar Pradesh,602.0,2025-11-15
CUST00760,Microfinance,Delhi,743.0,2024-08-06
CUST00761,Retail,Tamil Nadu,628.0,2025-06-18
CUST00762,Microfinance,West Bengal,690.0,2022-10-11
CUST00763,Retail,Gujarat,900.0,2024-12-30
CUST00764,Retail,Tamil Nadu,671.0,2023-11-25
CUST00765,Retail,Telangana,783.0,2026-01-10
CUST00766,Corporate,Delhi,616.0,2025-07-25
CUST00767,Retail,Delhi,676.0,2024-05-22
CUST00768,Microfinance,Gujarat,839.0,2025-08-16
CUST00769,Corporate,Karnataka,623.0,2026-03-03
CUST00770,Corporate,Uttar Pradesh,843.0,2025-12-23
CUST00771,Corporate,Karnataka,743.0,2023-06-21
CUST00772,Corporate,Maharashtra,629.0,2023-02-27
CUST00773,SME,West Bengal,736.0,2025-10-04
CUST00774,Microfinance,Karnataka,767.0,2023-06-25
CUST00775,Retail,Maharashtra,735.0,2026-04-07
CUST00776,SME,Maharashtra,538.0,2024-03-09
CUST00777,SME,Delhi,614.0,2026-02-19
CUST00778,Microfinance,Uttar Pradesh,657.0,2024-12-10
CUST00779,Agri,West Bengal,673.0,2025-11-24
CUST00780,Microfinance,West Bengal,735.0,2022-07-24
CUST00781,Retail,Delhi,695.0,2023-06-11
CUST00782,Retail,Uttar Pradesh,559.0,2023-09-23
CUST00783,Corporate,Gujarat,714.0,2023-03-27
CUST00784,Agri,Maharashtra,734.0,2024-09-12
CUST00785,Microfinance,Gujarat,730.0,2024-12-22
CUST00786,Agri,West Bengal,777.0,2023-07-27
CUST00787,SME,Tamil Nadu,755.0,2024-01-14
CUST00788,Retail,Tamil Nadu,721.0,2022-10-08
CUST00789,Retail,West Bengal,,2022-08-25
CUST00790,Agri,Gujarat,530.0,2023-05-13
CUST00791,SME,Uttar Pradesh,718.0,2025-12-31
CUST00792,SME,Gujarat,698.0,2025-01-13
CUST00793,Microfinance,Uttar Pradesh,704.0,2024-03-31
CUST00794,Agri,Karnataka,565.0,2023-07-02
CUST00795,SME,Uttar Pradesh,582.0,2023-02-25
CUST00796,Retail,Uttar Pradesh,774.0,2025-08-08
CUST00797,SME,Gujarat,676.0,2024-07-26
CUST00798,Agri,West Bengal,741.0,2024-10-23
CUST00799,SME,Karnataka,682.0,2025-07-28
CUST00800,Microfinance,Karnataka,682.0,2025-05-31
CUST00801,Agri,Telangana,764.0,2025-08-28
CUST00802,Microfinance,West Bengal,633.0,2025-03-03
CUST00803,Agri,Gujarat,688.0,2025-08-30
CUST00804,Retail,Delhi,638.0,2024-08-17
CUST00805,Microfinance,Maharashtra,640.0,2024-06-30
CUST00806,SME,Karnataka,652.0,2024-05-04
CUST00807,Agri,Maharashtra,699.0,2024-11-16
CUST00808,SME,Maharashtra,636.0,2023-10-19
CUST00809,Microfinance,Tamil Nadu,793.0,2025-10-06
CUST00810,SME,Karnataka,,2025-02-01
CUST00811,SME,Tamil Nadu,663.0,2024-03-31
CUST00812,Retail,Gujarat,640.0,2025-11-30
CUST00813,Retail,Karnataka,810.0,2022-09-18
CUST00814,Agri,Delhi,697.0,2024-06-22
CUST00815,Retail,Maharashtra,772.0,2026-01-19
CUST00816,SME,Uttar Pradesh,546.0,2024-02-14
CUST00817,Agri,Maharashtra,704.0,2023-12-11
CUST00818,SME,West Bengal,760.0,2025-04-14
CUST00819,Corporate,Gujarat,687.0,2025-07-02
CUST00820,Retail,Tamil Nadu,775.0,2023-07-16
CUST00821,Agri,Telangana,633.0,2024-10-07
CUST00822,Agri,Delhi,806.0,2022-09-24
CUST00823,Microfinance,Tamil Nadu,886.0,2023-04-15
CUST00824,Retail,Uttar Pradesh,647.0,2024-04-27
CUST00825,Agri,Telangana,639.0,2023-03-01
CUST00826,Microfinance,West Bengal,810.0,2025-04-29
CUST00827,Retail,West Bengal,822.0,2026-03-03
CUST00828,Corporate,Maharashtra,632.0,2023-09-09
CUST00829,Microfinance,West Bengal,642.0,2025-01-11
CUST00830,SME,Karnataka,654.0,2024-12-25
CUST00831,Corporate,Maharashtra,558.0,2025-02-07
CUST00832,Microfinance,Uttar Pradesh,597.0,2025-05-12
CUST00833,SME,Tamil Nadu,589.0,2022-06-04
CUST00834,Corporate,Maharashtra,610.0,2024-05-12
CUST00835,Microfinance,Delhi,676.0,2025-04-12
CUST00836,Agri,Gujarat,701.0,2026-02-14
CUST00837,Retail,Maharashtra,819.0,2025-02-08
CUST00838,Retail,Telangana,,2022-11-22
CUST00839,SME,Delhi,768.0,2025-05-04
CUST00840,Corporate,Maharashtra,660.0,2023-01-17
CUST00841,SME,Karnataka,675.0,2024-04-15
CUST00842,Retail,West Bengal,740.0,2022-08-15
CUST00843,Agri,Karnataka,578.0,2024-07-11
CUST00844,SME,Delhi,714.0,2023-11-20
CUST00845,Agri,West Bengal,694.0,2023-03-09
CUST00846,Microfinance,West Bengal,724.0,2023-01-12
CUST00847,SME,Uttar Pradesh,706.0,2022-06-22
CUST00848,Corporate,Delhi,900.0,2026-04-29
CUST00849,Microfinance,Uttar Pradesh,622.0,2023-02-25
CUST00850,Retail,Delhi,632.0,2022-11-27
CUST00851,SME,Karnataka,623.0,2025-07-18
CUST00852,Corporate,Karnataka,630.0,2024-07-17
CUST00853,SME,Karnataka,622.0,2022-07-30
CUST00854,Corporate,Telangana,,2025-02-27
CUST00855,SME,Karnataka,807.0,2025-09-23
CUST00856,Retail,Maharashtra,628.0,2023-12-25
CUST00857,SME,Uttar Pradesh,605.0,2024-03-18
CUST00858,Corporate,Uttar Pradesh,722.0,2023-08-25
CUST00859,Microfinance,Tamil Nadu,630.0,2025-12-03
CUST00860,Retail,Gujarat,736.0,2024-11-14
CUST00861,Retail,Karnataka,698.0,2024-03-25
CUST00862,SME,Karnataka,543.0,2025-10-24
CUST00863,Corporate,Telangana,819.0,2023-12-01
CUST00864,SME,Uttar Pradesh,841.0,2025-10-07
CUST00865,Corporate,Tamil Nadu,624.0,2024-01-15
CUST00866,Microfinance,Gujarat,645.0,2024-08-31
CUST00867,SME,Karnataka,705.0,2023-02-17
CUST00868,Microfinance,Telangana,710.0,2024-04-24
CUST00869,Retail,Uttar Pradesh,739.0,2022-08-16
CUST00870,Microfinance,Telangana,860.0,2026-03-11
CUST00871,SME,Delhi,664.0,2025-11-16
CUST00872,Agri,Karnataka,608.0,2024-02-08
CUST00873,Agri,Telangana,555.0,2024-11-06
CUST00874,Retail,Uttar Pradesh,614.0,2024-03-12
CUST00875,Corporate,Delhi,677.0,2024-11-09
CUST00876,Agri,Telangana,841.0,2024-10-29
CUST00877,Microfinance,Maharashtra,633.0,2022-06-06
CUST00878,Retail,Karnataka,700.0,2023-04-20
CUST00879,Agri,Tamil Nadu,678.0,2024-03-01
CUST00880,Microfinance,Uttar Pradesh,786.0,2022-06-25
CUST00881,Agri,Tamil Nadu,900.0,2025-11-22
CUST00882,Agri,Maharashtra,632.0,2023-06-09
CUST00883,Microfinance,Delhi,635.0,2023-10-26
CUST00884,SME,Delhi,773.0,2025-04-03
CUST00885,SME,Maharashtra,741.0,2022-07-03
CUST00886,Agri,Tamil Nadu,846.0,2022-10-26
CUST00887,SME,Gujarat,732.0,2025-12-16
CUST00888,Retail,Uttar Pradesh,647.0,2023-03-29
CUST00889,Corporate,Gujarat,733.0,2026-04-07
CUST00890,Microfinance,Uttar Pradesh,779.0,2025-06-30
CUST00891,SME,Karnataka,753.0,2023-03-07
CUST00892,Retail,Gujarat,725.0,2024-05-28
CUST00893,Agri,Gujarat,776.0,2023-08-12
CUST00894,Microfinance,Telangana,785.0,2024-10-15
CUST00895,Agri,Delhi,804.0,2022-07-08
CUST00896,Agri,Maharashtra,738.0,2024-06-23
CUST00897,SME,Maharashtra,664.0,2024-10-29
CUST00898,Corporate,Maharashtra,693.0,2024-08-20
CUST00899,Corporate,Gujarat,788.0,2022-06-07
CUST00900,Retail,Tamil Nadu,606.0,2023-11-07
CUST00901,Corporate,Gujarat,713.0,2022-12-11
CUST00902,Retail,Tamil Nadu,644.0,2024-01-20
CUST00903,Agri,West Bengal,682.0,2023-06-12
CUST00904,SME,Karnataka,795.0,2023-06-30
CUST00905,Agri,Delhi,697.0,2023-05-25
CUST00906,Microfinance,Maharashtra,684.0,2025-03-17
CUST00907,Retail,Tamil Nadu,557.0,2026-01-19
CUST00908,Corporate,Tamil Nadu,747.0,2023-09-25
CUST00909,Microfinance,Uttar Pradesh,738.0,2025-08-22
CUST00910,Retail,Tamil Nadu,874.0,2023-01-02
CUST00911,Agri,Delhi,652.0,2023-09-04
CUST00912,Microfinance,West Bengal,699.0,2024-11-19
CUST00913,Retail,Gujarat,702.0,2026-01-21
CUST00914,SME,Tamil Nadu,821.0,2022-09-15
CUST00915,SME,Tamil Nadu,671.0,2024-01-15
CUST00916,Microfinance,Maharashtra,705.0,2022-07-05
CUST00917,Retail,Telangana,734.0,2022-09-15
CUST00918,SME,Maharashtra,696.0,2022-12-04
CUST00919,Corporate,Gujarat,639.0,2024-03-22
CUST00920,Corporate,Telangana,697.0,2023-09-20
CUST00921,Corporate,Uttar Pradesh,776.0,2026-04-17
CUST00922,Microfinance,West Bengal,587.0,2023-01-02
CUST00923,Microfinance,Gujarat,691.0,2025-09-23
CUST00924,Agri,Karnataka,616.0,2024-10-13
CUST00925,Corporate,Gujarat,787.0,2022-09-06
CUST00926,Corporate,Tamil Nadu,542.0,2024-12-26
CUST00927,Retail,Uttar Pradesh,629.0,2022-07-08
CUST00928,SME,Maharashtra,713.0,2024-09-04
CUST00929,Corporate,Uttar Pradesh,820.0,2026-02-19
CUST00930,Microfinance,Tamil Nadu,674.0,2025-02-01
CUST00931,Microfinance,Telangana,630.0,2022-07-27
CUST00932,Corporate,Gujarat,849.0,2022-08-25
CUST00933,Microfinance,Delhi,549.0,2023-09-11
CUST00934,SME,Gujarat,482.0,2023-03-15
CUST00935,SME,West Bengal,719.0,2025-02-01
CUST00936,Corporate,Tamil Nadu,634.0,2024-08-12
CUST00937,Agri,West Bengal,588.0,2023-01-19
CUST00938,Corporate,Telangana,743.0,2023-09-12
CUST00939,Retail,Karnataka,701.0,2025-03-30
CUST00940,Microfinance,Karnataka,629.0,2024-03-12
CUST00941,Microfinance,Gujarat,564.0,2025-06-28
CUST00942,SME,Tamil Nadu,758.0,2023-02-21
CUST00943,Agri,Delhi,738.0,2025-04-28
CUST00944,Retail,Telangana,671.0,2025-05-05
CUST00945,Corporate,Maharashtra,,2024-10-19
CUST00946,SME,Delhi,583.0,2025-06-12
CUST00947,Agri,Karnataka,542.0,2023-11-26
CUST00948,Agri,Uttar Pradesh,617.0,2023-08-29
CUST00949,Agri,Maharashtra,675.0,2025-03-20
CUST00950,Corporate,Maharashtra,701.0,2023-05-11
CUST00951,SME,Maharashtra,658.0,2022-10-27
CUST00952,SME,Tamil Nadu,711.0,2024-05-27
CUST00953,Corporate,Delhi,567.0,2023-07-07
CUST00954,Microfinance,Gujarat,809.0,2026-01-29
CUST00955,Corporate,Gujarat,672.0,2023-06-02
CUST00956,Microfinance,West Bengal,780.0,2022-06-26
CUST00957,SME,West Bengal,710.0,2023-08-03
CUST00958,Corporate,Tamil Nadu,721.0,2024-01-27
CUST00959,Retail,Tamil Nadu,731.0,2025-08-07
CUST00960,SME,Maharashtra,720.0,2025-05-21
CUST00961,Retail,West Bengal,737.0,2026-02-15
CUST00962,Agri,Gujarat,799.0,2022-11-03
CUST00963,Retail,Maharashtra,697.0,2022-09-02
CUST00964,Retail,Maharashtra,743.0,2023-12-31
CUST00965,Agri,Uttar Pradesh,671.0,2024-12-01
CUST00966,Agri,Delhi,809.0,2022-06-28
CUST00967,Retail,Gujarat,619.0,2025-10-08
CUST00968,Microfinance,Gujarat,842.0,2022-05-28
CUST00969,SME,Uttar Pradesh,676.0,2025-09-30
CUST00970,Microfinance,Karnataka,551.0,2025-09-27
CUST00971,Agri,Tamil Nadu,691.0,2024-11-10
CUST00972,Microfinance,Tamil Nadu,618.0,2024-01-14
CUST00973,Corporate,Delhi,755.0,2023-07-21
CUST00974,SME,Telangana,621.0,2026-04-27
CUST00975,Retail,Karnataka,639.0,2023-02-12
CUST00976,Agri,Delhi,509.0,2023-06-20
CUST00977,Retail,Karnataka,639.0,2022-09-21
CUST00978,SME,Telangana,461.0,2024-09-03
CUST00979,Corporate,Telangana,537.0,2025-05-10
CUST00980,Retail,Gujarat,748.0,2022-07-16
CUST00981,Corporate,Uttar Pradesh,750.0,2025-10-20
CUST00982,Retail,Maharashtra,718.0,2022-08-13
CUST00983,SME,West Bengal,592.0,2023-11-18
CUST00984,Microfinance,Gujarat,675.0,2025-10-24
CUST00985,Corporate,West Bengal,679.0,2024-02-02
CUST00986,Agri,Telangana,575.0,2024-03-04
CUST00987,Agri,Uttar Pradesh,815.0,2025-05-26
CUST00988,Retail,Delhi,758.0,2026-01-02
CUST00989,SME,Karnataka,660.0,2023-01-09
CUST00990,Agri,Telangana,682.0,2024-03-16
CUST00991,Corporate,Maharashtra,698.0,2025-08-08
CUST00992,Agri,Telangana,496.0,2024-01-11
CUST00993,Agri,Maharashtra,657.0,2022-08-30
CUST00994,Corporate,Maharashtra,618.0,2022-07-14
CUST00995,Microfinance,Tamil Nadu,589.0,2022-07-31
CUST00996,Corporate,Karnataka,654.0,2024-12-09
CUST00997,Agri,West Bengal,841.0,2022-09-27
CUST00998,Agri,Delhi,737.0,2023-03-16
CUST00999,Microfinance,Maharashtra,,2025-06-15
CUST01000,Microfinance,Telangana,731.0,2025-05-29
CUST01001,Retail,Telangana,805.0,2024-06-24
CUST01002,Corporate,Maharashtra,763.0,2023-04-01
CUST01003,Agri,Uttar Pradesh,685.0,2025-11-22
CUST01004,Agri,Telangana,621.0,2023-10-28
CUST01005,Retail,Telangana,742.0,2025-09-01
CUST01006,Agri,Maharashtra,715.0,2024-01-09
CUST01007,Retail,Maharashtra,760.0,2022-12-12
CUST01008,Microfinance,Gujarat,737.0,2023-03-08
CUST01009,SME,Telangana,774.0,2024-04-18
CUST01010,Retail,Tamil Nadu,631.0,2024-06-22
CUST01011,Microfinance,Telangana,798.0,2024-04-18
CUST01012,Agri,Karnataka,697.0,2022-08-22
CUST01013,SME,Maharashtra,866.0,2022-10-13
CUST01014,Corporate,West Bengal,617.0,2026-01-29
CUST01015,SME,Telangana,836.0,2024-01-15
CUST01016,Retail,Gujarat,697.0,2025-04-13
CUST01017,Retail,Uttar Pradesh,621.0,2025-04-07
CUST01018,Corporate,Karnataka,636.0,2026-01-27
CUST01019,Microfinance,Karnataka,651.0,2023-10-23
CUST01020,Agri,Delhi,718.0,2026-04-24
CUST01021,Microfinance,Maharashtra,727.0,2023-11-28
CUST01022,Microfinance,Telangana,628.0,2025-05-05
CUST01023,Microfinance,Delhi,677.0,2025-08-13
CUST01024,Retail,Uttar Pradesh,872.0,2022-12-08
CUST01025,Corporate,Uttar Pradesh,835.0,2022-12-02
CUST01026,SME,Gujarat,719.0,2024-05-30
CUST01027,Corporate,Telangana,683.0,2025-07-24
CUST01028,Agri,Gujarat,690.0,2023-04-07
CUST01029,Corporate,Tamil Nadu,735.0,2022-11-01
CUST01030,Corporate,West Bengal,587.0,2025-08-04
CUST01031,SME,West Bengal,656.0,2024-05-11
CUST01032,Microfinance,Telangana,529.0,2022-08-05
CUST01033,Agri,Gujarat,715.0,2023-12-19
CUST01034,Retail,Karnataka,738.0,2025-07-09
CUST01035,Retail,Maharashtra,636.0,2025-06-07
CUST01036,Corporate,Gujarat,821.0,2025-12-26
CUST01037,Corporate,Tamil Nadu,569.0,2026-02-25
CUST01038,Corporate,Telangana,548.0,2022-07-19
CUST01039,Microfinance,Tamil Nadu,700.0,2023-03-10
CUST01040,Agri,Tamil Nadu,774.0,2022-06-07
CUST01041,Corporate,Maharashtra,831.0,2024-02-29
CUST01042,Agri,West Bengal,638.0,2026-01-12
CUST01043,Retail,Gujarat,777.0,2023-11-07
CUST01044,SME,West Bengal,676.0,2023-04-09
CUST01045,Microfinance,Tamil Nadu,664.0,2025-04-01
CUST01046,Corporate,Telangana,759.0,2022-07-04
CUST01047,Retail,Delhi,738.0,2023-06-15
CUST01048,Retail,Uttar Pradesh,538.0,2024-10-08
CUST01049,Microfinance,Gujarat,812.0,2023-01-22
CUST01050,Corporate,Maharashtra,804.0,2025-06-19
CUST01051,Retail,Delhi,623.0,2022-12-27
CUST01052,Retail,Gujarat,715.0,2023-02-15
CUST01053,Microfinance,West Bengal,724.0,2024-07-21
CUST01054,Microfinance,Tamil Nadu,703.0,2023-06-01
CUST01055,Retail,Delhi,630.0,2023-04-29
CUST01056,Agri,Karnataka,619.0,2025-02-20
CUST01057,Corporate,West Bengal,677.0,2025-02-09
CUST01058,Microfinance,Telangana,785.0,2022-09-11
CUST01059,Retail,Karnataka,728.0,2023-11-02
CUST01060,SME,Tamil Nadu,646.0,2022-07-05
CUST01061,Corporate,Uttar Pradesh,749.0,2025-09-12
CUST01062,Agri,Gujarat,423.0,2024-09-30
CUST01063,Retail,West Bengal,783.0,2023-06-26
CUST01064,Agri,Telangana,523.0,2022-09-06
CUST01065,SME,West Bengal,647.0,2025-10-18
CUST01066,SME,Maharashtra,579.0,2025-02-25
CUST01067,SME,Uttar Pradesh,563.0,2025-03-07
CUST01068,Microfinance,Uttar Pradesh,784.0,2025-12-06
CUST01069,SME,Maharashtra,637.0,2024-06-22
CUST01070,Retail,Karnataka,711.0,2025-05-03
CUST01071,Corporate,Karnataka,675.0,2025-01-21
CUST01072,Corporate,Uttar Pradesh,722.0,2022-10-20
CUST01073,Agri,Uttar Pradesh,686.0,2024-02-25
CUST01074,Retail,Maharashtra,564.0,2022-11-13
CUST01075,Retail,Maharashtra,769.0,2025-12-05
CUST01076,Corporate,Karnataka,635.0,2022-06-28
CUST01077,Corporate,Karnataka,539.0,2023-11-18
CUST01078,Agri,Uttar Pradesh,641.0,2026-02-28
CUST01079,Agri,Delhi,815.0,2025-07-27
CUST01080,Agri,Gujarat,756.0,2025-07-11
CUST01081,Corporate,West Bengal,648.0,2026-04-10
CUST01082,Microfinance,Delhi,648.0,2026-04-22
CUST01083,Microfinance,Uttar Pradesh,651.0,2025-11-09
CUST01084,Corporate,Tamil Nadu,866.0,2024-05-28
CUST01085,SME,Uttar Pradesh,714.0,2023-06-18
CUST01086,SME,Delhi,718.0,2022-11-16
CUST01087,Corporate,Tamil Nadu,772.0,2022-07-28
CUST01088,Microfinance,Maharashtra,701.0,2023-04-04
CUST01089,Agri,Karnataka,656.0,2025-12-16
CUST01090,Corporate,Karnataka,662.0,2023-01-29
CUST01091,Agri,West Bengal,673.0,2022-07-28
CUST01092,SME,Karnataka,676.0,2025-12-11
CUST01093,SME,West Bengal,745.0,2024-06-29
CUST01094,Microfinance,Gujarat,684.0,2025-06-24
CUST01095,Microfinance,West Bengal,745.0,2023-12-07
CUST01096,SME,Maharashtra,672.0,2025-02-03
CUST01097,Agri,Gujarat,687.0,2025-07-31
CUST01098,Corporate,Telangana,500.0,2024-04-28
CUST01099,Corporate,Telangana,762.0,2025-05-08
CUST01100,Microfinance,Karnataka,711.0,2025-07-20
CUST01101,Microfinance,Tamil Nadu,769.0,2022-10-27
CUST01102,Retail,Karnataka,419.0,2023-06-29
CUST01103,Retail,Uttar Pradesh,867.0,2025-02-21
CUST01104,Retail,Gujarat,667.0,2023-04-23
CUST01105,Agri,Delhi,779.0,2025-01-30
CUST01106,Microfinance,Gujarat,586.0,2023-07-11
CUST01107,Microfinance,Karnataka,735.0,2023-07-09
CUST01108,Retail,Tamil Nadu,585.0,2022-11-22
CUST01109,SME,Delhi,623.0,2025-05-01
CUST01110,Microfinance,Delhi,852.0,2023-08-16
CUST01111,Corporate,Maharashtra,662.0,2023-08-08
CUST01112,SME,Karnataka,699.0,2025-01-08
CUST01113,Retail,Tamil Nadu,758.0,2024-04-23
CUST01114,Agri,Telangana,724.0,2026-01-27
CUST01115,Retail,West Bengal,693.0,2023-05-31
CUST01116,Corporate,Gujarat,712.0,2023-02-20
CUST01117,SME,Uttar Pradesh,896.0,2024-04-14
CUST01118,Microfinance,Karnataka,674.0,2024-03-23
CUST01119,SME,Uttar Pradesh,698.0,2024-05-26
CUST01120,Agri,Telangana,774.0,2026-04-19
CUST01121,Microfinance,Delhi,779.0,2025-01-16
CUST01122,Retail,Gujarat,786.0,2025-04-15
CUST01123,SME,West Bengal,737.0,2025-09-02
CUST01124,SME,Uttar Pradesh,577.0,2025-09-12
CUST01125,Agri,Telangana,827.0,2023-01-09
CUST01126,SME,Uttar Pradesh,576.0,2026-02-03
CUST01127,SME,Delhi,707.0,2023-06-18
CUST01128,Retail,Delhi,612.0,2024-11-20
CUST01129,SME,Uttar Pradesh,674.0,2023-03-05
CUST01130,Retail,Gujarat,709.0,2025-02-13
CUST01131,Agri,Telangana,708.0,2025-05-18
CUST01132,SME,Uttar Pradesh,717.0,2023-01-25
CUST01133,SME,Gujarat,825.0,2022-06-28
CUST01134,Corporate,Telangana,720.0,2025-12-13
CUST01135,SME,Uttar Pradesh,658.0,2025-09-22
CUST01136,Retail,Tamil Nadu,766.0,2023-07-05
CUST01137,Agri,Delhi,787.0,2025-05-04
CUST01138,Agri,Maharashtra,569.0,2023-05-10
CUST01139,Microfinance,Karnataka,733.0,2022-08-21
CUST01140,SME,Maharashtra,743.0,2022-07-13
CUST01141,Agri,Uttar Pradesh,653.0,2026-02-03
CUST01142,Microfinance,Uttar Pradesh,803.0,2023-08-19
CUST01143,Agri,West Bengal,666.0,2022-06-06
CUST01144,Microfinance,Karnataka,691.0,2024-11-27
CUST01145,Agri,Tamil Nadu,664.0,2025-11-12
CUST01146,Corporate,Uttar Pradesh,681.0,2026-04-21
CUST01147,Retail,Karnataka,581.0,2024-03-25
CUST01148,SME,West Bengal,550.0,2025-09-26
CUST01149,SME,Uttar Pradesh,823.0,2024-11-29
CUST01150,Corporate,Uttar Pradesh,603.0,2022-11-26
CUST01151,Corporate,Uttar Pradesh,590.0,2024-01-07
CUST01152,Microfinance,Telangana,486.0,2023-03-14
CUST01153,Microfinance,Telangana,622.0,2024-08-12
CUST01154,Microfinance,West Bengal,560.0,2024-02-07
CUST01155,SME,Karnataka,827.0,2023-10-31
CUST01156,SME,Karnataka,770.0,2024-02-02
CUST01157,Corporate,Maharashtra,618.0,2022-10-08
CUST01158,Retail,Karnataka,882.0,2023-09-10
CUST01159,Microfinance,Uttar Pradesh,768.0,2024-11-10
CUST01160,SME,West Bengal,650.0,2026-02-14
CUST01161,Agri,Uttar Pradesh,455.0,2023-05-31
CUST01162,Corporate,Maharashtra,886.0,2025-05-09
CUST01163,Agri,Telangana,,2022-08-26
CUST01164,Microfinance,Gujarat,531.0,2022-12-22
CUST01165,Microfinance,Tamil Nadu,772.0,2022-07-22
CUST01166,Retail,West Bengal,899.0,2026-05-02
CUST01167,SME,Karnataka,804.0,2024-02-04
CUST01168,Corporate,Uttar Pradesh,730.0,2025-03-18
CUST01169,Microfinance,Maharashtra,733.0,2025-12-13
CUST01170,Retail,Gujarat,756.0,2023-03-14
CUST01171,Microfinance,West Bengal,748.0,2024-10-13
CUST01172,SME,Tamil Nadu,705.0,2024-01-26
CUST01173,Microfinance,Maharashtra,689.0,2024-01-20
CUST01174,Microfinance,Karnataka,674.0,2023-07-07
CUST01175,Corporate,West Bengal,612.0,2023-06-16
CUST01176,Corporate,Gujarat,654.0,2024-03-21
CUST01177,Microfinance,Telangana,527.0,2024-06-06
CUST01178,Agri,Telangana,671.0,2026-03-07
CUST01179,Agri,Karnataka,591.0,2024-03-10
CUST01180,SME,Tamil Nadu,580.0,2024-01-09
CUST01181,Corporate,Maharashtra,696.0,2024-11-09
CUST01182,SME,Gujarat,805.0,2022-07-23
CUST01183,Corporate,Karnataka,762.0,2025-05-02
CUST01184,Agri,West Bengal,538.0,2023-02-13
CUST01185,Corporate,Delhi,590.0,2022-07-03
CUST01186,SME,Telangana,764.0,2025-01-07
CUST01187,SME,Gujarat,591.0,2025-03-13
CUST01188,SME,West Bengal,659.0,2025-09-26
CUST01189,Retail,Karnataka,729.0,2022-08-13
CUST01190,Agri,Maharashtra,592.0,2023-04-20
CUST01191,Retail,Telangana,689.0,2024-07-26
CUST01192,Agri,Gujarat,559.0,2023-06-21
CUST01193,Corporate,Uttar Pradesh,625.0,2023-02-06
CUST01194,SME,Maharashtra,708.0,2023-12-18
CUST01195,Agri,Maharashtra,536.0,2024-02-16
CUST01196,SME,Telangana,719.0,2022-06-02
CUST01197,Microfinance,Telangana,678.0,2026-04-15
CUST01198,Retail,Tamil Nadu,729.0,2025-10-08
CUST01199,Corporate,West Bengal,700.0,2024-11-17
CUST01200,SME,Gujarat,802.0,2023-09-10
CUST00637,Agri,West Bengal,754.0,2025-10-05
CUST00684,SME,West Bengal,724.0,2023-10-08
CUST01034,Retail,Karnataka,738.0,2025-07-09
CUST00191,Corporate,Uttar Pradesh,639.0,2022-11-08
CUST01084,Corporate,Tamil Nadu,866.0,2024-05-28
CUST00284,Microfinance,West Bengal,568.0,2024-10-14
CUST00818,SME,West Bengal,760.0,2025-04-14
CUST00315,Corporate,Uttar Pradesh,797.0,2026-01-17
CUST00538,Agri,Karnataka,645.0,2025-07-19
CUST00665,Corporate,Delhi,615.0,2026-02-01
CUST00240,Microfinance,Uttar Pradesh,756.0,2022-10-27
CUST00136,Agri,Uttar Pradesh,819.0,2023-01-22
CUST00336,SME,Gujarat,666.0,2025-08-30
CUST00190,SME,Uttar Pradesh,543.0,2023-11-08
CUST00839,SME,Delhi,768.0,2025-05-04
